id,name,ai_similarity_score,heuristic_boost,final_score
804,Mighty,0.6034008,0.0,0.6034008264541626
699,Enthusiastic Urchin,0.5757899,0.0,0.5757899284362793
172,Calm Penguin,0.5371212,0.0,0.5371211767196655
431,Courageous Ostrich,0.5317034,0.0,0.5317034125328064
672,Playful Ostrich,0.53071374,0.0,0.5307137370109558
